{
  "Hybrid_Only": {
    "precision@5": 0.3333333333333333,
    "recall@5": 0.8333333333333334,
    "hit_rate@5": 1.0,
    "mrr": 0.8333333333333334,
    "ndcg@5": 0.7279296372402596,
    "retrieval_latency_ms": 35.870631535847984
  },
  "Hybrid_Reranked": {
    "precision@5": 0.3333333333333333,
    "recall@5": 0.8333333333333334,
    "hit_rate@5": 1.0,
    "mrr": 0.8333333333333334,
    "ndcg@5": 0.7420981285103055,
    "retrieval_latency_ms": 356.37609163920087
  },
  "Keyword_Only": {
    "precision@5": 0.3333333333333333,
    "recall@5": 0.8333333333333334,
    "hit_rate@5": 1.0,
    "mrr": 0.7777777777777777,
    "ndcg@5": 0.7189728339724946,
    "retrieval_latency_ms": 0.7650852203369141
  },
  "Semantic_Only": {
    "precision@5": 0.4000000000000001,
    "recall@5": 1.0,
    "hit_rate@5": 1.0,
    "mrr": 0.6666666666666666,
    "ndcg@5": 0.7173955883830065,
    "retrieval_latency_ms": 71.09578450520833
  }
}